{
  "request": {
    "model": "TinyLlama/TinyLlama-1.1B-Chat-v1.0",
    "prompt": "The meaning of life is",
    "max_tokens": 20,
    "temperature": 0.7,
    "return_hidden_states": true,
    "hidden_state_layers": [
      -1
    ]
  },
  "response": {
    "text": "to find your true calling, to discover your purpose, to live in accordance with your values,",
    "token_count": 20,
    "hidden_states": {
      "-1": {
        "shape": [
          1,
          2048
        ],
        "dtype": "float16",
        "data_preview": [
          0.6025390625,
          2.056640625,
          -1.0458984375,
          0.31982421875,
          -1.001953125,
          0.415283203125,
          -0.60400390625,
          0.62451171875,
          0.2235107421875,
          0.626953125,
          -0.352294921875,
          1.70703125,
          0.83203125,
          0.57275390625,
          -1.4306640625,
          1.2392578125,
          3.33203125,
          -0.64892578125,
          -0.72802734375,
          1.7626953125
        ],
        "data_length": 2048
      }
    },
    "metadata": {
      "inference_time_ms": 460.22701263427734,
      "tokens_generated": 20,
      "tokens_per_second": 43.456814682655626,
      "input_tokens": 6,
      "temperature": 0.7,
      "model_id": "TinyLlama/TinyLlama-1.1B-Chat-v1.0",
      "full_sequence": false
    }
  },
  "validation": {
    "hidden_size_matches": true,
    "expected_hidden_size": 2048
  }
}